{
  "count": 44,
  "BLEU1_avg": 0.0007869772727272726,
  "BLEU2_avg": 0.0003616136363636364,
  "BLEU3_avg": 0.0002251818181818182,
  "BLEU4_avg": 0.00015025000000000002,
  "METEOR_avg": 0.0,
  "ROUGE_L_avg": 0.0013597739820565909,
  "Jaccard_avg": 0.001050340909090909,
  "BERTScore_F1_avg": 0.2677391198548404
}