{
  "count": 44,
  "rougeL": 0.08596260285229099,
  "bleu1": 0.13397686577870654,
  "bleu2": 0.04924289817679572,
  "bleu3": 0.023387253596293775,
  "bleu4": 0.016409018643898068,
  "meteor": 0.09560940604511897,
  "jaccard": 0.04583614902480866,
  "bertscore_f1": 0.7806394479491494
}