{
  "rougeL_f1": 0.035406142206129324,
  "bleu1": 0.019707627738323682,
  "bleu2": 0.007206908046564322,
  "bleu3": 0.0042087344879589705,
  "bleu4": 0.0027272931514078116,
  "meteor": 0.0,
  "bertscore_f1": -0.6435611844062805,
  "jaccard": 0.01792652935880462,
  "BLEU1": 0.019707627738323682,
  "BLEU2": 0.007206908046564322,
  "BLEU3": 0.0042087344879589705,
  "BLEU4": 0.0027272931514078116,
  "BLUE1": 0.019707627738323682,
  "BLUE3": 0.0042087344879589705,
  "METEOR": 0.0,
  "ROUGE-L": 0.035406142206129324,
  "BERTScore_F1": -0.6435611844062805,
  "JACCARD": 0.01792652935880462
}